{
  "experiment_name": "h20_L100",
  "config": {
    "experiment_name": "h20_L100",
    "paths": {
      "raw_csv": "data/raw/simulated_lob.csv",
      "lob_npz": "data/processed/lob_windows.npz",
      "model": "models/deeplob_synthetic.pt",
      "results_dir": "results/baseline_a"
    },
    "simulation": {
      "enabled": true,
      "n_rows": 5000,
      "seed": 42
    },
    "lob": {
      "window_size": 100,
      "horizon": 20,
      "n_levels": 3,
      "threshold": 0.0005
    },
    "evaluation": {
      "batch_size": 256,
      "device": "auto"
    },
    "backtest": {
      "tc_bps": 1.0,
      "slippage_bps": 0.0,
      "device": "auto"
    }
  },
  "classification_metrics": {
    "accuracy": 0.7441098135627945,
    "macro_f1": 0.6906347525370166,
    "per_class": {
      "0": {
        "precision": 0.772906619903551,
        "recall": 0.9017902813299232,
        "f1": 0.832389046270066,
        "support": 1955
      },
      "1": {
        "precision": 0.6055312954876274,
        "recall": 0.32474629195940674,
        "f1": 0.4227642276422765,
        "support": 1281
      },
      "2": {
        "precision": 0.759539989545217,
        "recall": 0.8832826747720365,
        "f1": 0.8167509836987071,
        "support": 1645
      }
    },
    "confusion_matrix": [
      [
        1763,
        138,
        54
      ],
      [
        459,
        416,
        406
      ],
      [
        59,
        133,
        1453
      ]
    ]
  },
  "backtest_stats": {
    "n_trades": 4880,
    "total_pnl": 4.317356419881015,
    "avg_return_per_trade": 0.0008847041844018454,
    "win_rate": 0.7754098360655738,
    "max_drawdown": 0.014722314829016425,
    "sharpe_ratio": 0.9600125472884783,
    "tc_bps": 1.0,
    "slippage_bps": 0.0
  }
}