{
  "n_trades": 4880,
  "total_pnl": 4.375805563703116,
  "avg_return_per_trade": 0.0008966814679719482,
  "win_rate": 0.7831967213114754,
  "max_drawdown": 0.009514627231242967,
  "sharpe_ratio": 0.9785625748723503,
  "tc_bps": 1.0,
  "slippage_bps": 0.0
}