{
  "n_trades": 4890,
  "total_pnl": 0.41137759566565424,
  "avg_return_per_trade": 8.412629768213778e-05,
  "win_rate": 0.4666666666666667,
  "max_drawdown": 0.099501836865838,
  "sharpe_ratio": 0.09871465963315881,
  "tc_bps": 1.0,
  "slippage_bps": 0.0
}