{
  "accuracy": 0.41014107544469436,
  "macro_f1": 0.3523419924929083,
  "per_class": {
    "0": {
      "precision": 0.8871794871794871,
      "recall": 0.10942441492726122,
      "f1": 0.19481981981981983,
      "support": 1581
    },
    "1": {
      "precision": 0.45209302325581396,
      "recall": 0.2559241706161137,
      "f1": 0.3268325487558843,
      "support": 1899
    },
    "2": {
      "precision": 0.371996685998343,
      "recall": 0.9546420978029766,
      "f1": 0.5353736089030207,
      "support": 1411
    }
  },
  "confusion_matrix": [
    [
      173,
      528,
      880
    ],
    [
      19,
      486,
      1394
    ],
    [
      3,
      61,
      1347
    ]
  ]
}