{
  "accuracy": 0.6444489879370272,
  "macro_f1": 0.6518315822563213,
  "per_class": {
    "0": {
      "precision": 0.7305516265912305,
      "recall": 0.6533839342188489,
      "f1": 0.6898163606010017,
      "support": 1581
    },
    "1": {
      "precision": 0.5627572016460906,
      "recall": 0.5760926803580833,
      "f1": 0.5693468644288318,
      "support": 1899
    },
    "2": {
      "precision": 0.6686236138290933,
      "recall": 0.7264351523742026,
      "f1": 0.6963315217391304,
      "support": 1411
    }
  },
  "confusion_matrix": [
    [
      1033,
      500,
      48
    ],
    [
      345,
      1094,
      460
    ],
    [
      36,
      350,
      1025
    ]
  ]
}