{
  "accuracy": 0.7488219627125589,
  "macro_f1": 0.6921054816424643,
  "per_class": {
    "0": {
      "precision": 0.8084910013844024,
      "recall": 0.8961636828644501,
      "f1": 0.8500727802037845,
      "support": 1955
    },
    "1": {
      "precision": 0.62,
      "recall": 0.31459797033567527,
      "f1": 0.4174003107198343,
      "support": 1281
    },
    "2": {
      "precision": 0.7267441860465116,
      "recall": 0.9118541033434651,
      "f1": 0.8088433540037745,
      "support": 1645
    }
  },
  "confusion_matrix": [
    [
      1752,
      149,
      54
    ],
    [
      368,
      403,
      510
    ],
    [
      47,
      98,
      1500
    ]
  ]
}