{
  "accuracy": 0.62625230014312,
  "macro_f1": 0.6264246167111662,
  "per_class": {
    "0": {
      "precision": 0.737117903930131,
      "recall": 0.5338393421884883,
      "f1": 0.6192223037417461,
      "support": 1581
    },
    "1": {
      "precision": 0.5291984040623866,
      "recall": 0.7682991047919958,
      "f1": 0.6267182130584191,
      "support": 1899
    },
    "2": {
      "precision": 0.7684529828109201,
      "recall": 0.5386250885896527,
      "f1": 0.6333333333333334,
      "support": 1411
    }
  },
  "confusion_matrix": [
    [
      844,
      691,
      46
    ],
    [
      257,
      1459,
      183
    ],
    [
      44,
      607,
      760
    ]
  ]
}