{
  "accuracy": 0.4406051932120221,
  "macro_f1": 0.20510814791676157,
  "per_class": {
    "0": {
      "precision": 0.44014732965009207,
      "recall": 1.0,
      "f1": 0.6112531969309463,
      "support": 2151
    },
    "1": {
      "precision": 0.0,
      "recall": 0.0,
      "f1": 0.0,
      "support": 779
    },
    "2": {
      "precision": 1.0,
      "recall": 0.002039775624681285,
      "f1": 0.004071246819338422,
      "support": 1961
    }
  },
  "confusion_matrix": [
    [
      2151,
      0,
      0
    ],
    [
      779,
      0,
      0
    ],
    [
      1957,
      0,
      4
    ]
  ]
}