{
  "experiment_name": "h20_L100",
  "config": {
    "experiment_name": "h20_L100",
    "paths": {
      "raw_csv": "data/raw/simulated_lob.csv",
      "lob_npz": "data/processed/lob_windows.npz",
      "model": "models/deeplob_synthetic.pt",
      "results_dir": "results/baseline_a"
    },
    "simulation": {
      "enabled": true,
      "n_rows": 5000,
      "seed": 42
    },
    "lob": {
      "window_size": 100,
      "horizon": 20,
      "n_levels": 3,
      "threshold": 0.0005
    },
    "evaluation": {
      "batch_size": 256,
      "device": "auto"
    },
    "backtest": {
      "tc_bps": 1.0,
      "slippage_bps": 0.0,
      "device": "auto"
    }
  },
  "classification_metrics": {
    "accuracy": 0.7488219627125589,
    "macro_f1": 0.6921054816424643,
    "per_class": {
      "0": {
        "precision": 0.8084910013844024,
        "recall": 0.8961636828644501,
        "f1": 0.8500727802037845,
        "support": 1955
      },
      "1": {
        "precision": 0.62,
        "recall": 0.31459797033567527,
        "f1": 0.4174003107198343,
        "support": 1281
      },
      "2": {
        "precision": 0.7267441860465116,
        "recall": 0.9118541033434651,
        "f1": 0.8088433540037745,
        "support": 1645
      }
    },
    "confusion_matrix": [
      [
        1752,
        149,
        54
      ],
      [
        368,
        403,
        510
      ],
      [
        47,
        98,
        1500
      ]
    ]
  },
  "backtest_stats": {
    "n_trades": 4880,
    "total_pnl": 4.375805563703116,
    "avg_return_per_trade": 0.0008966814679719482,
    "win_rate": 0.7831967213114754,
    "max_drawdown": 0.009514627231242967,
    "sharpe_ratio": 0.9785625748723503,
    "tc_bps": 1.0,
    "slippage_bps": 0.0
  }
}